sentence,score
私 は 自分 に対し 素晴らしい 寄付 を し ます 。,10.19144665832135
私 は とても 面白い ので 投資 を し ます 。,10.152011274511509
私 は そして 素晴らしい 感じ で トレーニング を し ます 。,10.107986789504617
私 は とても いい 結婚 を し ます 。,10.065440158612512
私 は まさに あの 男 にとって 、 素晴らしい 素晴らしい 、 素晴らしい プレー を し ます 。,9.785247318320877
私 は しばしば 、 この 国 の 人間 として とても 良い 判断 を し ます 。,9.324658734666489
私 は 、 素晴らしい テニス 人生 を し ます 。,9.310961998870699
私 は 素晴らしい 冒険 を し ます 。,9.127660113131949
私 は この 本 を 読ん で 、 最後 に いい 思い を し ます 。,9.088782861559828
私 は いつも 「 いい 暮らし 」 を し ます 。,9.072619515284664
私 は こんな 心 を 持っ て いる くらい いい 勉強 を し ます 。,9.017824902111453
私 は これ によって この 地 へ 帰る に ふさわしい 振る舞い を し ます 。,9.006655905702221
私 は いつも 心根 が 優しく 、 みんな いい 方 を し ます 。,8.966717338293838
私 は 君 に対し 感謝 を し ます 。,8.954414018783666
私 は 、 楽しい 体操 を し ます 。,8.941156080690137
私 は 自分 より 先 に 少し ずつ 良い 働き を し ます 。,8.828614200248618
私 は とても 良い パフォーマンス を し ます 。,8.814039966439108
私 は 、 そして 最も 素晴らしい 言葉 で 、 拍手 を し ます 。,8.715518759163619
私 は 素晴らしい サッカー を し ます 。,8.71368527696233
私 は サイン を し ます 。,8.689584819380487
私 は 素晴らしい 英語 の スピーチ と トレーニング を し ます 。,8.681069581503811
私 は いつも 手助け を し ます 。,8.64848681553504
私 は いつも いい あたり を し ます 。,8.615340659042346
私 は 皆 彼女 を 思い 、 非常 に 素晴らしい 仕事 を し ます 。,8.61219809926076
私 は 楽しい 旅 を し ます 。,8.528896250251373
私 は 今 、 良い 仕事 を し ます 。,8.508267051169804
私 は 良い 体験 を し ます 。,8.454069888145398
私 は 素晴らしい 演奏 会 を し ます 。,8.415148191791783
私 は 素晴らしい 時間 の 記録 を し ます 。,8.413158121898878
私 は よく 素晴らしい 時 に 、 神 を よく もたらす 仕事 を し ます 。,8.39402268969572
私 は 彼 にとって 好き な 道 へ 行く 決心 を し ます 。,8.381280565643506
私 は もっと 良い 結婚 生活 を し ます 。,8.36264350971119
私 は とても とても 良い 感触 を し ます 。,8.352071734447478
私 は この 国 全体 を 周り 、 素晴らしい 貢献 を し ます 。,8.326663593801667
私 は 素晴らしい パフォーマンス を し ます 。,8.307583599499004
私 は いつも 、 とても いい 感じ 方 を し ます 。,8.227779680499719
私 は 彼 に 誠実 、 有能 な 指導 を し ます 。,8.157754649356612
私 は 彼 達 に は 良く 施し を し ます 。,8.148657002365555
私 は 彼 に 非常 に 良い 報告 を し ます 。,8.133749786070714
私 は いつも が やり たい ほど 素晴らしい もの の 準備 を し ます 。,8.099478787019478
私 は これ について 素晴らしい こと を し ます 。,8.098539550849
私 は 、 あなた の ため に 素晴らしい 作り まね を し ます 。,8.09417013673457
私 は 僕 に 感謝 の 誓い を し ます 。,8.07252057466377
私 は これから 第 一 決断 を し ます 。,8.068645057683476
私 は 君 の おかげ で 素晴らしい 体験 を し ます 。,8.04439235097745
私 は いつも 良い 、 良い 仕事 を し ます 。,8.04367328965484
私 は 時々 、 彼 の 声 で 曲 の 良い 音 を し ます 。,8.040236411907369
私 は すべて 神 々 が 行っ た 儀式 に 感謝 を し ます 。,8.030474058005163
私 は 、 、 色々 な よい 仕事 を し ます 。,8.016550965807662
私 は 、 幸せ に ひとぎ を し ます 。,8.015744064899836
私 は 、 ただ 、 私 の 、 いつも 大好き な 練習 を し ます 。,7.9963343864948815
私 は これ を 繰り返し て 何 度 も 楽しい 経験 を し ます 。,7.994944256808837
私 は 、 常に 非常 に 魅力 的 な ダンス や ゲーム を し ます 。,7.9736965768350245
私 は 良い 仕事 を し ます 。,7.955128608171081
私 は いま トレーニング を し ます 。,7.939142682440282
私 は この 中 で 貢献 を し ます 。,7.9152574708954795
私 は 、 私 に 感謝 し 、 素晴らしい 奉仕 を し ます 。,7.908635786027907
私 は 素晴らしい 家族 の 振り を し ます 。,7.887304876108062
私 は 良い 経験 を し ます 。,7.872185588216714
私 は 素晴らしい 人々 が 来る よう 、 素晴らしい 思い です を し ます 。,7.870981254054779
私 は 『 わたし の 映画 に 素晴らしい 投資 を し ます 。,7.860075991267905
私 は 、 ご 主人 が 、 素晴らしい 仕事 を し ます 。,7.856634133952414
私 は また 、 もっと 彼 に 良い こと を し ます 。,7.855962764838103
私 は もっと 大リーグ など で オフ の 活躍 を し ます 。,7.836652403538371
私 は 私 と 何 度 も 良い 話 を し ます 。,7.821429627225693
私 は 素晴らしい 役 で 彼女 の 映画 の 評価 を し ます 。,7.811717769801675
私 は この 詩 に 感謝 を し ます 。,7.809982648827272
私 は とても 素晴らしい 「 」 の 私 に 向け た 準備 を し ます 。,7.807556606543794
私 は とても 努力 を し ます 。,7.793210352132569
私 は 、 素晴らしい 仕事 を し ます 。,7.790976085703392
私 は 、 彼 に 、 素晴らしい 手助け を し ます 。,7.783258158929945
私 は 時々 いつも 司会 を し ます 。,7.776268216188876
私 は 彼 さま について 修行 を し ます 。,7.767558587962675
私 は わたし に 挑戦 を し ます 。,7.763646738770409
私 は よく とても 好き な こと を し ます 。,7.763502365086952
私 は 彼 の 非常 に 良い パフォーマンス を し ます 。,7.752209088325576
私 は これ まで に 素晴らしい 体験 を し ます 。,7.749731772619753
私 は とても 勉強 を し ます 。,7.747064679705517
私 は 我々 に 良い 経験 を し ます 。,7.7166904686568705
私 は より 自然 に 魅せ たり 、 学び 、 投資 を し ます 。,7.710186687458376
私 は キャンペーン を し ます 。,7.688189107689652
私 は この 貢献 を し ます 。,7.680870640802368
私 は 、 もう 、 今日 の 良い 決断 を し ます 。,7.6708417000202
私 は あらゆる 職業 で 見 られる よう な 完璧 な 経験 を し ます 。,7.651894357868989
私 は あなた の 人生 で 最高 くらい の 幸せ な 経験 を し ます 。,7.644952952585731
私 は 練習 を し ます 。,7.644768034956389
私 は 素晴らしい この 本 の 非常 に 巧妙 な 評価 を し ます 。,7.6399504885332705
私 は 私 と し て いる もの に 感謝 を し ます 。,7.627519895250886
私 は 、 私 の 中 で は 最も 美しい 生活 を し ます 。,7.621663014275954
私 は 私 に対し 非常 に 気立て の 良い 指導 を し ます 。,7.6173825557978425
私 は 素晴らしい 人生 を 歩む 決意 を し ます 。,7.590140268012787
私 は そんな 彼女 に 愛情 の 抱擁 を し ます 。,7.580855007465935
私 は 素晴らしい 仕事 を し ます 。,7.532691888672084
私 は 必ず この 時 から 自分 で 決断 を し ます 。,7.528530924079211
私 は この 曲 で 、 良い ファン に お願い を し ます 。,7.524159226216077
私 は 、 あなた の 楽しい 手伝い を し ます 。,7.522315878211821
私 は 我々 を 助け て 、 良い 判断 を し ます 。,7.5016589624588415
私 は 我々 の 家族 を 皆 に 信じ 、 優しい 話 を し ます 。,7.484204527455746
私 は この 作品 の 後押し を し ます 。,7.483986074255265
私 は 正しい 仕事 を し ます 。,7.4799316571883825
私 は 私 の 彼氏 に ふさわしい 努力 を し ます 。,7.451443990605092
私 は 私 に 感謝 する 覚悟 を し ます 。,7.433386063001925
私 は とても 人 を 元気づける 働き を し ます 。,7.419115910695821
私 は これ で 幸せ に なる という こと を し ます 。,7.404635756971697
私 は まさに 、 その 場所 で 幸せ な 日にち を し ます 。,7.404546150213819
私 は 素晴らしい 経験 を し ます 。,7.400122498382079
私 は 、 君 を 助け に 、 応援 を し ます 。,7.39856252692536
私 は 素晴らしい こと を する 、 と の 気持ち で 準備 を し ます 。,7.358700248513012
私 は 、 以下 の よう な 美しい 経験 を し ます 。,7.352849349622477
私 は 、 最高 の 選択 を し ます 。,7.340155482094971
私 は よく 他 の 誰 か を 喜ば せる 働き を し ます 。,7.334493474896707
私 は 、 彼 の 名前 に とても 感謝 の 意 を し ます 。,7.3339665326320445
私 は これから 、 ドイツ に 再 旅行 を し ます 。,7.301843205847489
私 は 初めて 野球 を し ます 。,7.292429342229047
私 は この 方法 を 取る ため 、 よく 勉強 を し ます 。,7.284477994210934
私 は 今日 、 決意 を し ます 。,7.272296842650306
私 は 素晴らしい 、 美しく 、 そして す ば え の 生活 を し ます 。,7.270582988893539
私 は 投資 を し ます 。,7.250700407455763
私 は 新しい 考え を し ます 。,7.209072090618882
私 は 、 その こと に 値する 努力 を し ます 。,7.202335788912067
私 は よく 、 好き な 映画 や 演劇 、 そして 小説 を し ます 。,7.201991630037771
私 は わたし が よく 、 うまく 、 仕事 を し ます 。,7.20131381490589
私 は あなた と 一緒 に よい 仕事 を し ます 。,7.198763778857337
私 は 人生 転換 を し ます 。,7.17211408343211
私 は 寄付 を し ます 。,7.146751539107672
私 は 教育 を し ます 。,7.137370796312823
私 は 1 年間 毎日 レッスン を し ます 。,7.125881949686506
私 は 、 あらゆる ジャンル や 、 世界中 の 話題 について 研究 を し ます 。,7.1247897065595245
私 は 時々 、 あなた とともに 彼 の 故郷 を 訪れる 準備 を し ます 。,7.120513221161467
私 は 再び 公演 を し ます 。,7.120090689378556
私 は 世界中 の 一流 企業 の 協力 を し ます 。,7.093793712888305
私 は 体操 を し ます 。,7.07749397114801
私 は トレーニング を し ます 。,7.059068946516097
私 は いつも 良い 場所 で 仕事 を し ます 。,7.039422336122359
私 は 現在 勤務 を し ます 。,7.030520935194669
私 は 私 を通して 自分 の 自由 を 代表 する 行い を し ます 。,7.023565312942601
私 は 妊娠 を し ます 。,7.021532345315687
私 は これから 行く 決心 を し ます 。,7.0040813482155055
私 は とても 安らぎ の 経験 を し ます 。,6.976355918814143
私 は よく の で あっ た こと により その 働き を し ます 。,6.975503851240844
私 は また この お 助け を し ます 。,6.97380913759271
私 は 、 私 に 感謝 を し ます 。,6.962164392179879
私 は 、 何 か の ため に いつも 特別 な 努力 を し ます 。,6.95619577905841
私 は わたし と わたし を 愛し 、 私 の 手助け を し ます 。,6.9451947480946306
私 は その 曲 において の 自分 の 世界 観 に対して 準備 を し ます 。,6.943866349308119
私 は 演技 を し ます 。,6.936582618413195
私 は 普通 に も 、 よく 、 正しい 感じ 方 を し ます 。,6.921748836458781
私 は 、 あなた に 彼 の 力 を 伝え られる 仕事 を し ます 。,6.916368302449799
私 は 声優 を し ます 。,6.909718801196935
私 は アドバイス を し ます 。,6.907973193881487
私 は 私 の 大好き な こと を し ます 。,6.887891513883588
私 は バスケットボール を し ます 。,6.866906129489823
私 は もっと 熱心 に 練習 を し ます 。,6.866541664285066
私 は もう 楽しい 仕事 を し ます 。,6.863836787656956
私 は もう一度 君 と 電話 を し ます 。,6.857127168242241
私 は 、 そこ で 何 度 も 偉大 な 経験 を し ます 。,6.8516404498780705
私 は いつも 大きな 壁 は ない 私 たち とともに 仕事 を し ます 。,6.850238294382443
私 は 彼女 の お 目 に 優しい 思い を し ます 。,6.837819796297262
私 は 彼 を し ます 。,6.81668860590309
私 は この 番組 を 救う 決意 を し ます 。,6.8142452463282535
私 は いくつ か の プロジェクト を 進める 準備 を し ます 。,6.804654845558556
私 は コーチ を し ます 。,6.794155779177234
私 は あなた の 好き な 男性 と の 親密 合い を し ます 。,6.792931719256306
私 は スポーツ を し ます 。,6.754684847253275
私 は 時々 料理 を し ます 。,6.741186106566115
私 は すぐ に 彼女 に関する 大きな 決断 を し ます 。,6.740406718626286
私 は 、 人 に 良く 話す 仕事 を し ます 。,6.740071248332693
私 は 人生 準備 を し ます 。,6.7349822542841284
私 は あなた に対する 信頼 を 込め て あなた と 食事 取り を し ます 。,6.721246371280131
私 は 、 彼 は 、 私 へ 第 一 の 貢献 を し ます 。,6.702198689819561
私 は 、 いい こと を し ます 。,6.6976160913523115
私 は 人生 を し ます 。,6.693074994371711
私 は ゴルフ を し ます 。,6.689972634149806
私 は 人生 の 最良 の やり かた を し ます 。,6.684967157637022
私 は 、 あなた と 一緒 に 次 の 楽しい こと を し ます 。,6.6693210244269565
私 は 3 か月 後 に 決意 を し ます 。,6.668980746983722
私 は ある 女性 を 愛し 、 ある 女性 と 美しい 恋 を し ます 。,6.668956472689855
私 は あなた に 、 重要 な 貢献 を し ます 。,6.6574106279400995
私 は よく 、 とても 多く の 人々 に キス を し ます 。,6.648619618056944
私 は 全て の 民族 の バックアップ を し ます 。,6.648123816168226
私 は とても 誠実 な 方向 転換 を し ます 。,6.646621372296358
私 は 「 サッカーコーチ を し ます 。,6.642699617781376
私 は 勉強 を し ます 。,6.64194451758896
私 は いつも 彼 を 助ける 時 に 、 ある 決定 を し ます 。,6.636228790006072
私 は それ を 発見 する...... 私 は 勉強 を し ます 。,6.629663750712786
私 は その 方法 に つい て 良い こと を し ます 。,6.6263679633550225
私 は そこ で 第 二 の 決断 を し ます 。,6.624268013834916
私 は 一 週間 ほど 、 トレーニング を し ます 。,6.606156917365834
私 は 新しい 地球 の 創造 を し ます 。,6.60430358188606
私 は また 、 私 たち に対する 奉仕 を し ます 。,6.586392758087557
私 は これ に 従う 、 自ら 決断 を し ます 。,6.577041755796474
私 は 野球 を し ます 。,6.57557212269134
私 は この 曲 に 思い を 込め て 捧げる こと を し ます 。,6.573139772764899
私 は 、 おそらく 、 自分 を 好き だっ た という 思い を し ます 。,6.557294253806452
私 は よく 多く の 友人 や 人 に 世話 を し ます 。,6.539111595370792
私 は いつも 音楽 や 、 ダンス の こと を 考える 準備 を し ます 。,6.5315379803720175
私 は ある 一つ の 決断 を し ます 。,6.5284753723762705
私 は 私 の 母親 に 「 愛 です 」 という 返事 を し ます 。,6.517069330688924
私 は 、 彼女 にとって 重要 な 仕打ち を し ます 。,6.514374040419462
私 は 「 ご あいさつ ありがとう 」 と 挨拶 を し ます 。,6.5064560160326135
私 は あなた の 言葉 に 忠実 に ご ラー として 働き を し ます 。,6.504101099476568
私 は 必ず 私 を し て みせる ので 私 を し ます 。,6.500228334474954
私 は 彼 と 握手 を し ます 。,6.495977250943017
私 は の 時間 を 探し 、 提案 を し ます 。,6.492983940371913
私 は 、 まるで お前 たち の 、 完璧 に お 真似 を し ます 。,6.491334446978248
私 は 毎日 、 読書 を し ます 。,6.474943174720436
私 は 非常 に よく あなた を 応援 する 決心 を し ます 。,6.4723924869640586
私 は 神 の お 恵み を 受ける 準備 を し ます 。,6.470135517884713
私 は 毎日 、 子供 達 の 集まり で 講義 を し ます 。,6.469596760243125
私 は 署名 を し ます 。,6.464763544722363
私 は いつも 、 この 話 について たくさん 話 を し ます 。,6.460427580967249
私 は 悪い 決断 を し ます 。,6.443075266773398
私 は 一 曲 に 3 曲 も 録音 を し ます 。,6.439654076378102
私 は 彼女 の 父 の 私 を 尊敬 し 、 支援 を し ます 。,6.4358459673038695
私 は 、 この 島 の 文化 、 産業 振興 を し ます 。,6.429505710269398
私 は 、 何 の 問題 も 解決 し 、 解決 を し ます 。,6.426963949494616
私 は 彼女 の 人生 の 一部 を 演じ られる 決定 を し ます 。,6.423974469688254
私 は 神 の 神 を よむ ため に 長い 旅 を し ます 。,6.423619170672587
私 は 「 という フリ を し ます 。,6.422048150225475
私 は この 本 を 読み たい 思い を し ます 。,6.421237790090183
私 は 、 この 発明 を し ます 。,6.4117486928368255
私 は その 決断 を し ます 。,6.389675801225408
私 は 我々 に対する 信頼 の 表明 を し ます 。,6.383358561264358
私 は 時々 大きな 顔 を し ます 。,6.359377872728726
私 は コメント を し ます 。,6.357053384723389
私 は それ たち の 助け により 仕事 を し ます 。,6.356589847300265
私 は 1 度 だけ 彼 に キス を し ます 。,6.350831130555024
私 は 準備 を し ます 。,6.343053027302099
私 は 幸せ な 経験 を し ます 。,6.33763442359069
私 は 、 幸せ な こと を し ます 。,6.332740662198528
私 は 、 あなた の 好き な リフレイン を し ます 。,6.328915667588148
私 は 彼 の 元 に 戻る ため 手助け を し ます 。,6.315882066191926
私 は 予想 を し ます 。,6.315640563299742
私 は 我々 の 文化 に対する 多大 な 貢献 を し ます 。,6.293849373070151
私 は 私 に この 番組 に関して お送り を し ます 。,6.292499143586195
私 は 常に 、 彼 の よう で 、 熱心 な ファン を し ます 。,6.271986256639931
私 は 彼ら の 為 に 手助け を し ます 。,6.265825373622477
私 は もう 息 を し ます 。,6.263181101070441
私 は また 賭け を し ます 。,6.259801861125222
私 は そこで 呼吸 を し ます 。,6.248020758324771
私 は 、 今 準備 を し ます 。,6.236334636894361
私 は 私 が 彼ら を 殺す とき に は 良い 扱い を し ます 。,6.232920517772902
私 は 話 を し ます 。,6.231403819595066
私 は 音楽 評論 を し ます 。,6.228273624698314
私 は この 演技 を し ます 。,6.19727967943755
私 は 時々 電話 を し ます 。,6.192272576814264
私 は この 植物 を 育て て 、 彼 の 教育 を し ます 。,6.1821828864772845
私 は 新しい 体験 を し ます 。,6.18171346727264
私 は よく その 私 の 感応 を し ます 。,6.1569042546908435
私 は 、 おそらく それ に 応える 試み を し ます 。,6.154534009709717
私 は どこ か の 部族 の 部族 と 親しい 付き合い を し ます 。,6.1525298242055975
私 は この 橋 の 橋 を 2 つ から 造る 決心 を し ます 。,6.1432427041906825
私 は 研究 を し ます 。,6.118810499040436
私 は 今 、 ドイツ で 高校 教師 を し ます 。,6.1161909865085295
私 は 家事 を し ます 。,6.109591451146199
私 は みんな その 選択 を し ます 。,6.109125020425834
私 は 現在 も その 作品 の 舞台 監督 を し ます 。,6.09576917269996
私 は あなた の 母親 に 、 彼女 の ため に 奉仕 を し ます 。,6.0890814349973095
私 は 最近 、 我々 の 精神 を 回復 する 手助け を し ます 。,6.083972336786099
私 は 、 まだ 彼 に 忠実 な 挨拶 番 を し ます 。,6.079254157623673
"私 は "" 怪我 を し ます 。",6.067845183933205
私 は 色々 た 視点 から 重要 な 話 を し ます 。,6.065008313391788
私 は いつも 彼女 の 家 に 訪問 する 強い 決意 を し ます 。,6.05527259960374
私 は 彼 に 、 わたし の ご 提案 を し ます 。,6.052815425640666
私 は これら に 倣う 準備 を し ます 。,6.0425202620352305
私 は 農業 を し ます 。,6.042178982241091
私 は すべて の 人々 の 幸せ の ため に 共に 活動 を し ます 。,6.037968247954266
私 は 貴信 を 頂け と 決心 を し ます 。,6.028901500697396
私 は 私 の こと の ひと 芝居 を し ます 。,6.0281368692291135
私 は あなた 引き を し ます 。,6.0280179655498225
私 は それ を 見る と 、 強い 想い を し ます 。,6.026741063449073
私 は あなた の 方 の 為 に 小さな 貢献 を し ます 。,6.021501787025553
私 は 非常 に 若い 自分 を 示す 努力 を し ます 。,6.017748393791664
私 は 「 いつも 自分 の 中 で 、 人生デート を し ます 。,6.015153986191387
私 は よく 家族 を 助ける よう あらゆる 努力 を し ます 。,6.010109570694033
私 は 、 ちょっと もう 2 回 、 インタビュー を し ます 。,6.006192825213586
私 は 今日 、 テニス を し ます 。,6.002250073289828
私 は 私 の 作品 に 基づい て 演技 を し ます 。,5.996923764650063
私 は 多く の 貢献 を し ます 。,5.9895443982017955
私 は 、 その 言葉 の とおり に この 決断 を し ます 。,5.97780482565611
私 は 新しい 生活 を し ます 。,5.9715691108790425
私 は 、 今日 で も 少し でも そう で いい 判断 を し ます 。,5.966367570645822
私 は 、 その 時 、 強い 決意 を し ます 。,5.9570341428076885
私 は 最近 で も 今 を 思い出し たく て 、 仕事 を し ます 。,5.952564514803058
私 は 「 我ら に 捧げる 」 と 約束 を し ます 。,5.941192301996613
私 は きちんと 説明 を し ます 。,5.936153689066796
私 は 、 時々 、 時々 、 彼 に 弟子 入り を し ます 。,5.93454136963113
私 は その 前 で よい こと を し ます 。,5.9184714212939245
私 は 様々 な 作品 の 仕送り を し ます 。,5.9179101701600265
私 は 現在 生活 を し ます 。,5.916981718246595
私 は 今 で も この 番組 で 仕事 を し ます 。,5.916752061795988
私 は 、 あなた の 幸せ を 代表 する 仕事 を し ます 。,5.914685112978878
私 は あの 作品 の ため に 共同 作業 を し ます 。,5.906200375522307
私 は 、 とても 気 の 知れ て いる と 感じ を し ます 。,5.904898976083754
私 は 非常 に 真剣 に 考え た 、 仕事 を し ます 。,5.893552554249445
私 は 彼女 の こと を 愛し ながら 仕事 を し ます 。,5.877763512535842
私 は 怪我 を し ます 。,5.876231179514021
私 は いつも 少し の 時間 、 お金 で 旅 を し ます 。,5.874719658946189
私 は 今日 、 彼 を どう 生き て 選ぶ か 確認 を し ます 。,5.864654255913027
私 は 実際 に は 、 あなた の 仕事 を 見つける 手助け を し ます 。,5.860138731729383
私 は 本当に 恋 を し ます 。,5.857983689749106
私 は そこ に もう 一つ の 希望 と 希望 を し ます 。,5.857322972068882
私 は この 章 の 勉強 を し ます 。,5.846373204915913
私 は まだ いつも 、 我々 の ため に 旅 を し ます 。,5.841119592431
私 は たくさん の 慈善 事業 を し ます 。,5.838282033634278
私 は 彼 の ため の 努力 を し ます 。,5.8200761460466826
私 は よく 、 この 役 について 返事 を し ます 。,5.817804335782586
私 は あなた に こう 言っ て 良い 事 を し ます 。,5.812930644513356
私 は ずっと お 膝 に 向かっ て 、 一緒 に 食事 を し ます 。,5.804252071185698
私 は これから 旅 を し ます 。,5.802873225584095
私 は まだ ない? という 緊急 声明 を し ます 。,5.799137713303005
私 は これから 、 たくさん の こと や たい こと を し ます 。,5.793742743606849
私 は この 曲 の 「 もう一度 、 ライヴ を し ます 。,5.786891820481651
私 は 彼 と 一緒 で 私 の チェイス を し ます 。,5.786509289297995
私 は 時々 が よく よく なり 、 仕事 を し ます 。,5.774104598080268
私 は 今 、 話 を し ます 。,5.7658959715472795
私 は 私 に 、 一緒 に 一緒 に 過ごす こと を し ます 。,5.759352006196828
私 は 常に 僕 と 同席 し て 議論 を し ます 。,5.753086267973559
私 は 私 の 夢 に 沿っ た 生き方 を し ます 。,5.733438499699236
私 は 2 日 目 デビュー を し ます 。,5.733276354610726
私 は 人々 の 生活 指針 について 提案 を し ます 。,5.732475961616281
私 は 私 の 後 を 継ぐ ため サイン を し ます 。,5.723847757877365
私 は この 船 と も う がろ い の もの づくり を し ます 。,5.723512448412748
私 は そこで 食事 を し ます 。,5.713936739404127
私 は この よう な 言葉 を 、 これから に 残す 決心 を し ます 。,5.713535599045761
私 は 今 彼 の 結婚 サイン を し ます 。,5.707217632796208
私 は よく 人生 の 時 々 を 見通し こと を し ます 。,5.706509517314279
私 は しばしば 自分 の 世界 が 悪い という 考え を し ます 。,5.702965564698229
私 は よく 、 よく 、 良く 、 良く 仕事 を し ます 。,5.6987013107277775
私 は ご 敬礼 を し ます 。,5.67819545715582
私 は 彼女 に 彼女 の ため の アドバイス を し ます 。,5.675591348714333
私 は 何 だって 、 この 、 特別 な 経験 を し ます 。,5.671072351263324
私 は 私 の お 務め を し ます 。,5.667285514422893
私 は 何 度 も の よう な 偉大 な 経験 を し ます 。,5.6652896752667035
私 は 私 たち 一緒 に 試合 を し ます 。,5.66453554591905
私 は 、 少し でも あなた に ちょっと でも 言える 質問 を し ます 。,5.663682040097697
私 は 、 素晴らしい の が こんな 素晴らしい もの や と 話 を し ます 。,5.662572361056178
私 は 、 と 、 人 を 一緒 に 、 お 助け を し ます 。,5.656037531589976
私 は その 言葉 に 応じ 、 私 の ご 世話 を し ます 。,5.6496678865814065
私 は 我々 の 親切 を し ます 。,5.646354301268393
私 は 今日 生活 を し ます 。,5.643422563461127
私 は もう 新しい 言語 の 勉強 を し ます 。,5.643249517168656
私 は 何 気 が 強く 仕事 を し ます 。,5.637655113681114
私 は 様々 な パフォーマンス を し ます 。,5.632336731313131
私 は いつも それ に対して 損 を し ます 。,5.63214931062544
私 は これ の ため に 何 か の 新しい こと を し ます 。,5.630135891351683
私 は 非常 な 決断 を し ます 。,5.62973353485278
私 は 必ず 一緒 に 仕事 を し ます 。,5.623910143204187
私 は 、 あなた の 息子 たち に 人生 の 援助 を し ます 。,5.613153093618244
私 は 自分 の 意志 に 沿っ て 仕事 を し ます 。,5.59980732969834
私 は 恐らく その よう な 考え を 撤回 する という 選択 を し ます 。,5.593390321461687
私 は 結婚 を し ます 。,5.589521897337147
私 は 、 お家 ごと について すべて 報道 を し ます 。,5.580342644319343
私 は に 乗っ て 遊び を し ます 。,5.579645124206932
私 は わたし の 考え に 同調 する 努力 を し ます 。,5.577576122240778
私 は それ の 最後 の 仕上げ を し ます 。,5.57376866620423
私 は で その ひと 振り を し ます 。,5.573185284829897
私 は これ は 大きな 思い を し ます 。,5.568567892442875
私 は 私 が その 話 を 聞き 、 決心 を し ます 。,5.56780045570722
私 は 彼 を 魅了 する 顔 を し ます 。,5.567719030402552
私 は 新しい 仕事 を し ます 。,5.562728066648232
私 は 皆 、 僕 など と お 会い を し ます 。,5.560551908826486
私 は 彼女 の 為 に 「 」 作曲 を し ます 。,5.558608188559719
私 は とても お 心 優しい 彼女 に 向かっ て 激しい こと を し ます 。,5.558100530146038
私 は 時折 、 あなた の 彼氏 を 抱きつく 表情 を し ます 。,5.556621699591734
私 は 今日 も この ホール 全体 を 持つ 仕事 を し ます 。,5.552296473276347
私 は ごい ゃちじそが 旅 を し ます 。,5.545790208571388
私 は 、 弁護士 を し ます 。,5.540243321737164
私 は まさに その 状況 を 意識 し て その 再 構築 を し ます 。,5.535026637270304
私 は お願い を し ます 。,5.534300082626344
私 は 、 その 人物 に対する 評価 を し ます 。,5.533667779086693
私 は この 曲 を 書く 決心 を し ます 。,5.514359174798013
私 は 小さな 決断 を し ます 。,5.514089488147396
私 は 、 あなた の 手助け を し ます 。,5.5028163634829275
私 は たくさん の 自己 評価 を し ます 。,5.488165664450388
私 は その 行為 に対し 「 謝罪 を し ます 。,5.48367299128014
私 は これから 生活 を し ます 。,5.479144311138237
私 は まさに その 歌 を 聞い た だけ で 同じ 考え を し ます 。,5.4770011401806205
私 は これ を 飲む よう 言う べき です 決心 を し ます 。,5.475555809396105
私 は 今日 我々 と 関係 について 議論 を し ます 。,5.471925816964919
私 は あなた の ご 両親 と 大切 な お願い を し ます 。,5.462849924279982
私 は 彼 と 彼 から の 別れ に 涙 を し ます 。,5.44885714941498
私 は 次に いく こと を し ます 。,5.447056288317472
私 は あなた の 家 に 来 て パーティー を し ます 。,5.443301061255843
私 は 世界 に 見開き 扉 を し ます 。,5.442645688375212
私 は いろいろ な 問題 に 取り組み ながら 、 その 努力 を し ます 。,5.433380079556239
私 は あなた に なっ て も そう いう 行動 を し ます 。,5.430965296932383
私 は 僕 を 愛そ う と 思い 、 決断 を し ます 。,5.428495407383798
私 は 、 よく 仕事 を し ます 。,5.412991552175663
私 は 、 その 本 を 読み 、 読書 を し ます 。,5.4128513677410055
私 は この 後 数 回 目 の 結婚 を し ます 。,5.401956462644444
私 は 彼 の 目 に 映っ た 絵 の 制作 を し ます 。,5.398375568907481
私 は これから 、 引っ越し を し ます 。,5.392771987421535
私 は 主 の 祈り を し ます 。,5.391289968738064
私 は もう そう で ない 、 ただ 僕 と 同じ 判断 を し ます 。,5.387559567086593
私 は で あ そめ を し ます 。,5.3788826857616625
私 は 『 その ため に......』 を し ます 。,5.36830925414772
私 は 、 彼 、 彼 と スピーチ を し ます 。,5.362186463565375
私 は ただ 、 もう 、 ちょっと も 気持ち 弱い 旅 を し ます 。,5.355521315057446
"私 は "" 彼 に 忠実 な 選択 を し ます 。",5.35260122260695
私 は ずっと 私 に お 会い し たい こと を し ます 。,5.350809471373582
私 は そこ の 風景 に対して この 名前 が あっ た フリ を し ます 。,5.350454075327514
私 は 1 つ の 決断 を し ます 。,5.346501926576271
私 は その ご 手伝い を し ます 。,5.342067124647473
私 は それ を 理解 し 、 正しい こと を し ます 。,5.341057902055319
私 は よく 、 で 、 何 愛し の 使い方 を し ます 。,5.326348148606117
私 は 私 の 考え を すべて 変え 、 次 の 賭け を し ます 。,5.321048590651264
私 は この 番組 で 宣伝 を し ます 。,5.319357893317924
私 は 第 三 代 に 封 を し ます 。,5.316761564386282
私 は よく 自分 の 部屋 を 訪問 し 、 食事 を し ます 。,5.312339168207524
私 は 、 とても 愛らしい 人 で 悪い 経験 を し ます 。,5.310083358630564
私 は この 音楽 活動 を し ます 。,5.3077784622155955
私 は 、 今夜 も 、 彼 の 仕送り を し ます 。,5.305383906047035
私 は 正しい こと を し ます 。,5.301809559567665
私 は 私 の 手助け を し ます 。,5.293730084895788
私 は 私 の 前 に 現れ 、 あなた が その 演技 を し ます 。,5.292408809879091
私 は 次に 、 毎日 仕事 を し ます 。,5.289285495480744
私 は この 建物 を 「 世界 に 一 球 投資 を し ます 。,5.279498392188577
私 は 、... と 、 自分 の 体 で パフォーマンス を し ます 。,5.277907995209986
私 は 恋 を し ます 。,5.277573805171867
私 は サッカー を し ます 。,5.277410111551951
私 は 、 結婚 を し ます 。,5.268600380019649
私 は いつも どこ か で 、 テニス を し ます 。,5.267548164434036
私 は あなた の ため に いくつ も の 方法 で 話 を し ます 。,5.261715642453725
私 は そんな 言い方 を し ます 。,5.256406274306931
私 は 今日 - 12 日 、 彼ら と 話 を し ます 。,5.2460743334717
私 は とても 、 君 に も 似 た 演技 を し ます 。,5.2431503415999146
私 は よく そこ で お願い を し ます 。,5.236692087385136
私 は 何 まで も 彼女 に 世話 を し ます 。,5.233581678612403
私 は 私 に 寄付 を し ます 。,5.228137885985042
私 は 世界 の 果て に お 会い を し ます 。,5.227805809747316
私 は いつも あの 選手 なんか と 同じ こと を し ます 。,5.226879017016551
私 は 常に 『 』 という 言語 で 仕事 を し ます 。,5.221913384255089
私 は この 女性 に 彼女 の 父 を 見る 用意 を し ます 。,5.218922071364953
私 は 、 皆さま の 体 を 揺るがす 努力 を し ます 。,5.211865489450591
私 は 再び 仕事 を し ます 。,5.210840628708803
私 は 様々 な グループ の ダンス を 真似 て 、 仕事 を し ます 。,5.207377721102217
私 は あなた の こと を 覚え 、 お互い の 味方 を し ます 。,5.201925911571251
私 は 日々 、 日常 で 大切 な こと を し ます 。,5.196802469349934
私 は 、 もう 僕 に も 何 か 言い たい こと を し ます 。,5.196008811233327
私 は 、 この 楽曲 に 書き込み を し ます 。,5.19441230975593
私 は 彼ら の 人生 の 終わり を 伝える 役 を し ます 。,5.190262849503453
私 は 日々 あらゆる 方法 で 私 の リフォーム を し ます 。,5.189110813460463
私 は よく 友人 と 一緒 の 仕事 を し ます 。,5.186199103726837
私 は 私 に 私 を 助け られる よう アドバイス を し ます 。,5.183475443398568
私 は 好き な こと を し ます 。,5.182120633300866
私 は 彼 の 言葉 を 思い出し て 、 再考 を し ます 。,5.168913792038258
私 は これ を し ます 。,5.168386352944321
私 は いつも どんな 場所 で も 私 に なっ て から 仕事 を し ます 。,5.163404782653213
私 は 、 彼女 と 僕 の すべて の 事 について 話 を し ます 。,5.141763517116137
私 は そこ で 私 の 抱っこ を し ます 。,5.139880164590901
私 は 、 あの 時 彼女 を 連れ て 行っ て 彼女 を し ます 。,5.1378277350334915
私 は 、 色々 な 種類 から 様々 の 動作 を し ます 。,5.133355354573406
私 は あなた に 電話 な ふり を し ます 。,5.132319770541018
私 は よく みんな 一緒 に 掃除 を し ます 。,5.131515935331804
私 は 、 この 言語 、 この 本 に 君 と し て 言及 を し ます 。,5.130601803779001
私 は 常に 彼女 の 後 を 追う 決心 を し ます 。,5.128517884230279
私 は 彼 と は ほとんど 別 の 試み を し ます 。,5.128124156623276
私 は 、 サッカー を し ます 。,5.122474502342264
私 は 彼ら に 近い 見方 を し ます 。,5.122029847845169
私 は 誰 に対し 何 で も でき ない 決断 を し ます 。,5.12130447790719
私 は 旅 を し ます 。,5.118473496327833
私 は 常に 現在 の あなた の 姿 の 準備 を し ます 。,5.115328447819252
私 は 再び 『 彼 と 旅 を し ます 。,5.108546431946741
私 は 何 年 後 も あの 男 に 何 か 相談 を し ます 。,5.100986613709662
私 は この 事件 に関して 私 について 深く 理解 する 努力 を し ます 。,5.097218935097361
私 は 、 最初 の 私 会議 を し ます 。,5.094108246179231
私 は 、 いつも 彼 の 方 に 挨拶 を し ます 。,5.093706999646453
私 は これら の 映画 に 意見 を し ます 。,5.070733880277499
私 は そこ で 彼 に 説明 を し ます 。,5.0703048431734965
私 は 世界 に 一番 近い こと を し ます 。,5.0620111204705385
私 は とても 大人気 な 格好 を し ます 。,5.060449061940448
私 は 私 たち の 声 の 内容 について しっかり 把握 を し ます 。,5.059259205003924
私 は 音楽 活動 を し ます 。,5.054073443640452
私 は 彼 の 監督 を し ます 。,5.052675352715035
私 は 再び 死ん で いき 、 ふり を し ます 。,5.0481692471707085
私 は 最初 に カード 販売 を し ます 。,5.042688607323867
私 は その 地 で 休息 を し ます 。,5.0392664639581035
私 は 彼女 の 心 の ケア を する 努力 を し ます 。,5.03634877007795
私 は 、 まさに 彼 の 死 の 日 に 御前 演奏 を し ます 。,5.030710829972271
私 は 時々 な 言い方 を し ます 。,5.025642110503105
私 は 、 常に 一 歩 違い なら ぬ よう な 処置 を し ます 。,5.024360170235412
私 は この 願い を し ます 。,5.0180153036451935
私 は 、 、 重要 な 主張 を し ます 。,5.008525824762734
私 は あらゆる 種類 の もの を 見つける 仕事 を し ます 。,5.007202527876813
私 は 私 を し ます 。,5.003788344003861
私 は よく 見 られる よう に デザイン を し ます 。,5.003508552896429
私 は その 状況 によって 、 変化 を し ます 。,5.000985409172869
私 は 、 まだ 旅 を し ます 。,4.99158338533945
私 は この 橋 を 通る 子供 たち について たくさん の こと を し ます 。,4.990854160890256
私 は もう ひとり の グループ に 入る ふり を し ます 。,4.990717220863248
私 は 私 に お 会い を し ます 。,4.984301488149036
私 は あなた の 彼 の 言葉 に 従っ た 仕事 を し ます 。,4.984064948688811
私 は 、 わたし の ご 従順 の 思い を し ます 。,4.983453117588288
私 は 私 の ため に 用意 を し ます 。,4.983011848613069
私 は よく 、 仕事 を し ます 。,4.9788621956811046
私 は 最後 の 処置 を し ます 。,4.968057550921813
私 は しばしば これ に対して 、... この よう に 激しい 戦い を し ます 。,4.965065392723653
私 は 、 自分 で も いい こと を し ます 。,4.959051028355928
私 は 色々 な 形 の 作曲 家 を し ます 。,4.957315671945158
私 は よく 知ら ない 私 の 心 から 、 その 提案 を し ます 。,4.954555609165593
私 は 「 私 は 最近 いつも 彼女 の 目 で 子育て を し ます 。,4.951561092395121
私 は 今日 と また 、 私 に しっとり 電話 を し ます 。,4.948906394623345
私 は とても のこる まし た 思い を し ます 。,4.944540584298764
私 は この 番組 の 企画 ・ 制作 を し ます 。,4.942624524546548
私 は よく 仕事 を し ます 。,4.9425439438234235
私 は 、 人間 が 生きる 場所 を 紹介 し て 仕事 を し ます 。,4.942289413379204
私 は これ により お願い を し ます 。,4.934417894588381
私 は 現在 、 ここ で 宣言 を し ます 。,4.929053892082206
私 は この 通り 「 彼女 は 第 2 シーズン の 準備 を し ます 。,4.9264568152684
私 は 我々 を 助け たい と お願い を し ます 。,4.918736517206928
私 は まさに 自分 は そこ で 彼 の 役割 を し ます 。,4.913883846709978
私 は 最初 から ファン が 見 て 歌っ てる こと を し ます 。,4.90969673413951
私 は その 娘 の 世話 を し 、 教育 を し ます 。,4.907816102430518
私 は 大変 に 、 あなた が た かしこく やり たい こと を し ます 。,4.9047050188889205
私 は この 決断 を し ます 。,4.903382277120969
私 は あの 息子 に 向け て ある こと を し ます 。,4.899344337920918
私 は 、 あなた に 、 あなた の 家族 の 手助け を し ます 。,4.895388572985946
私 は その こと について 、 彼 と 取引 を し ます 。,4.88639865104291
私 は あなた さん の 心配 を し ます 。,4.884650814001536
私 は いつも 、 とても 印象 的 な 私服 を し ます 。,4.883228816738233
私 は 的 な 女 を 選び 選挙 の 審判 を し ます 。,4.880273383291105
私 は よく より 適切 、 より より 効率 的 な 選択 を し ます 。,4.877193829376857
私 は 私 に つい て こう なる ご 挨拶 を し ます 。,4.870987644480349
私 は 彼女 の 名 の まま で お送り を し ます 。,4.869677517090634
私 は 、 あなた の こと について 彼女 に 復讐 を し ます 。,4.861725521881546
私 は 何 回 か 訪問 し 、 話 を し ます 。,4.838349549035731
私 は もう 二度と こんな こと を し ます 。,4.837498287924787
私 は そんな と 言い がたい こと ばかり を し ます 。,4.831099884879594
私 は この 手伝い を し ます 。,4.830061827366091
私 は もう それ を し ます 。,4.82648809214645
私 は 彼 に 最初 の 紹介 を し ます 。,4.825674037186809
私 は 、 と ある ふり を し ます 。,4.816910656430723
私 は 、 時々 、 自分 自身 の 名 を 冠し 活動 を し ます 。,4.815879708113453
私 は... この 劇 の 全体 像 について 、 一 戦 を し ます 。,4.810667121796588
私 は 私 の 下 で あなた を 見る 準備 を し ます 。,4.809991051055622
私 は 常に 無私 で 、 よく 人 を 守る 仕事 を し ます 。,4.801811862772412
私 は この 作品 へ の めい た 反応 を し ます 。,4.796460204111402
私 は さらに も 彼 と 何 を し ます 。,4.795440325066175
私 は 私 が 行っ て いる こと 的 主義 について 決断 を し ます 。,4.792955660315164
私 は ここ の 中 で 常に 仕事 を し ます 。,4.792161350852717
私 は そう だ が 、 これ ばかり 重要 な 仕事 を し ます 。,4.775807720833389
私 は 全て の 敵 を 守る 、 最も 厳しい 活動 を し ます 。,4.775551743479733
私 は 「 全て の 」 役割 を し ます 。,4.770201577260195
私 は どんな とき も... そこ で 私 と 同じ こと を し ます 。,4.767368869414745
私 は 普通 学校 卒業 後 、 自動車 整備 を し ます 。,4.763878310243387
私 は その 理由 を 考える 決意 を し ます 。,4.754732564414842
私 は 常に 彼女 の 息子 で ある ふり を し ます 。,4.754424410679281
私 は 、 この 神 に 似 た か な 思い を し ます 。,4.748186747600277
私 は 友人 が 家 に 来 たら 話 を し ます 。,4.744356625336941
私 は 少し もう 、 旅 を し ます 。,4.739614647215038
私 は 今日 、 この 日 を 祝う 挨拶 など を し ます 。,4.73916499588107
私 は 、 私 を サポート する 手伝い を し ます 。,4.738911841448726
私 は これら の 提案 を し ます 。,4.7356814711588635
私 は 「 もう 心 が 悪い か 」 と 言い訳 を し ます 。,4.734502347621614
私 は これ において 仕事 を し ます 。,4.730753455221816
私 は すべて の 状況 に 、 様々 な 解釈 と 判断 を し ます 。,4.729388121393461
私 は 「 とても 非常 に 心 の 奥深い 言い方 を し ます 。,4.728815298968504
私 は 時々 彼 の 食事 会 を し ます 。,4.725486578186218
私 は 共に 仕事 を し ます 。,4.723756979009194
私 は すぐ に 彼 に 攻撃 的 な 報告 を し ます 。,4.7191797176671395
私 は 彼 の 声 より も はるか に 仕事 を し ます 。,4.7148964988386695
私 は 、 あの 娘 さん に お願い を し ます 。,4.70979449551349
私 は 、 皆さん の お座敷 に 立ち キス を し ます 。,4.708910233358374
私 は 、 お 店 中 に 怪我 を し ます 。,4.706873332897543
私 は 私 の 身 を 忘れ て 、 毎日 よい こと を し ます 。,4.704735639558268
私 は あなた に とても 悲しい 最後 の 報告 を し ます 。,4.693061280102418
私 は 、 何 か に 似 た 体験 を し ます 。,4.689212753817738
私 は まるで どこ か で 彼 と 同じ 仕事 を し ます 。,4.683979082098824
私 は です まね を し ます 。,4.675674582206446
私 は 小さな 旅 を し ます 。,4.67465807852908
私 は 今日 、 この 国 の 全て の 準備 を し ます 。,4.674398064639799
私 は 君 と 話 を し ます 。,4.6699471506517565
私 は 「 人 を 呼ぶ 際 に 何 を し ます 。,4.6614491552065935
私 は そんな ところ で ご 過ち について 謝罪 を し ます 。,4.659710921848369
私 は また 一緒 に 仕事 を し ます 。,4.659249020143376
私 は また 、 この 川 を 見る 決心 を し ます 。,4.659213633377739
私 は そこ で ある 自分 の 見方 を し ます 。,4.65856410117112
私 は 彼ら を 誰 か と 認め ない 、 という 宣言 を し ます 。,4.656121049375052
私 は 時々 私 の 人生 を 変える 一回り を し ます 。,4.652370984503957
私 は お に お さ お さん を し ます 。,4.651472882586496
私 は 皆さん 悪い こと を し ます 。,4.649625666979478
私 は 、 彼 の お 勤め を し ます 。,4.646812892017546
私 は ここ で 話 を し ます 。,4.644271655337263
私 は 、 この 状況 を 変える 決断 を し ます 。,4.636477376337236
私 は それ と 返事 を し ます 。,4.630314310483906
私 は 、 次に 彼 が ここ で 何 か を し ます 。,4.6256946267551005
私 は 以前 の 仕事 に 代わっ て 仕事 を し ます 。,4.621339514444804
私 は 我々 から 「 あい た 」 みたい な こと を し ます 。,4.621283301017174
私 は お 祭り に 招か れ た 人 の 弔慰 を し ます 。,4.620678254289221
私 は お 手 を 引か ない 決定 を し ます 。,4.6165383186296545
私 は そこ で 彼 と 仕事 を し ます 。,4.612592962232607
私 は これ を 正しい 言い方 を し ます 。,4.612052581872156
私 は 、 皆さん そして 私 の 後 、 挨拶 を し ます 。,4.610604036518128
私 は 、 彼 、 だから です こと を し ます 。,4.609963180551588
私 は 、 私 たち の 支援 を し ます 。,4.608386368711803
私 は この ふり を し ます 。,4.606925999076968
私 は 彼 の 真似事 を し ます 。,4.605360132918165
私 は あなた が 欲しい すべて の こと を し ます 。,4.599190815311441
私 は 「 それ に対し 、 謝罪 を し ます 。,4.5936359930407304
私 は 1 年 で ゲーム を し ます 。,4.5919873937121665
私 は すべて 、 彼 様 な 顔 を し ます 。,4.587243048621599
私 は 何 度 も この 名前 を 受け られる 仕事 を し ます 。,4.58492392400178
私 は あの 手 の くだり を し ます 。,4.583370649748928
私 は 政治 活動 を し ます 。,4.57530168013193
私 は この 街 の ガイド を し ます 。,4.5642155964418425
"私 は 、 "" will "" の 英語 を し ます 。",4.550989424782816
私 は そこ で も 仕事 を し ます 。,4.550005992540728
私 は 私 に 色々 な 助言 を し ます 。,4.544149538979955
私 は 毎日 私 を 切り取り 、 特別 の 配慮 を し ます 。,4.54328886015833
私 は まだ こんな な こと 、 何 を し ます 。,4.54295043267619
私 は 「 その 場 」 で 『 」 など と 挨拶 を し ます 。,4.539952490424763
私 は いろいろ な 事柄 「 もう ひとつ の 考え 」 を し ます 。,4.538866885674641
私 は いつも 、 家 の 窓 から 少し 下 で 仕事 を し ます 。,4.530997513615297
私 は この ドラマ に 嫉妬 し て 恋 を し ます 。,4.530305615837332
私 は 私 に 報告 を し ます 。,4.529974766688036
私 は いろいろ な もの の 予想 を し ます 。,4.528632594563126
私 は これ に 応じ た 返答 を し ます 。,4.525188441582284
私 は あなた を し ます 。,4.525076090029805
私 は 毎日 同じ こと を し ます 。,4.523437223845537
私 は 、 いつも 、 友人 に 関係 ない お 行い を し ます 。,4.514526468107407
私 は 時々 、 私 たち の 状況 に 応じ た 使い分け を し ます 。,4.514231381930483
私 は あなた の ケア を し ます 。,4.512894629436158
私 は すべて の 顔 を し ます 。,4.507584807167564
私 は 誰 か に対する 無用 な 秘密 の 暴露 を し ます 。,4.50251069254668
私 は 、 もう 一つ の 音楽 の 仕事 を し ます 。,4.500579951281726
私 は 主 な 質問 を し ます 。,4.4946929069824835
私 は 、 この 音楽 において 、 この 演奏 の 責任 を し ます 。,4.485949999501902
私 は 常に 自分 の 意志 を 持っ て 私 を し ます 。,4.484756991803567
私 は いつも 仕事 を し ます 。,4.484158974835549
私 は とても 私 の 口 を 叩い て 話 を し ます 。,4.481592829941532
私 は いつも 彼 の ため に 仕事 を し ます 。,4.4813806298843915
私 は ご お昼 、 ご ご 休憩 を し ます 。,4.4799918301627715
私 は 様々 な チャリティー 活動 を し ます 。,4.477621917546032
私 は 最初 に 最初 の 英語 表記 を し ます 。,4.476409055525952
私 は 私 の 声 の 通り に すべて の 仕事 を し ます 。,4.47106442109114
私 は 「 毎日 、 よく ホント を し ます 。,4.470708162561886
私 は 、 実際 に 、 これから 、 次 の 提案 を し ます 。,4.4680350922590515
私 は 自身 の 日常 の 1 つ の 旅 を し ます 。,4.465815890896803
私 は いつも と は 違う 思い を し ます 。,4.465607328212642
私 は 何 で も なく 常に 彼 の 邪魔 を し ます 。,4.462632694923349
私 は 私 の 身体 に 適し た こと を し ます 。,4.461011570290937
私 は 私 の よう に 同じ 判断 を し ます 。,4.460697038440993
私 は いつも あなた を この 椅子 に 呼ん だり を し ます 。,4.458592554223373
私 は あなた を 引き合わ せる よう に 努力 を し ます 。,4.455416835917533
私 は ご 愛 に か なぎ を つけ て 仕事 を し ます 。,4.455197052439112
私 は 自分 の 身体 に関して 、 いろいろ な 経験 を し ます 。,4.453073871163178
私 は 毎日 、 仕事 を し ます 。,4.443638890544422
私 は 、 その 死 の 記念 撮影 を し ます 。,4.442271975110308
私 は あなた の 人 に 正直 に 挨拶 を し ます 。,4.437393407890066
私 は 一生 の 間 様 々 微 を し ます 。,4.430504450093206
私 は 彼女 の 頭 に 星 を のせる こと を し ます 。,4.429953536351022
私 は 、 ここ で も 、 この こと 発表 を し ます 。,4.421206162254328
私 は 私 の 胸 を ひっ くり 、 お 母さま を し ます 。,4.419241849188407
私 は 、 普通 、 勉強 を し ます 。,4.418712572471739
私 は いろいろ な 形 の 授業 を し ます 。,4.416512867345623
私 は 彼 の 心臓 疾患 について 理解 を し ます 。,4.4153264377579635
私 は 私 の ケア を し ます 。,4.414358897761064
私 は 彼女 の 紹介 を し ます 。,4.413497681788522
私 は 私 の 友達 です : 私 の 家事 を し ます 。,4.410600523175602
私 は たくさん の 仕事 を し ます 。,4.407257239998593
私 は... あの 人 の 子供 の ため の 慈善 活動 を し ます 。,4.405247042300114
私 は 我々 の 頭 を 何 を し ます 。,4.401473621480486
私 は 、 ここ で 、 この 課題 について 私見 を し ます 。,4.400493510120246
私 は 、 あなた に ある 通り の 口づけ を し ます 。,4.399990195111215
私 は あらゆる 方法 で その 子供 を 持っ て いる ふり を し ます 。,4.399283026229389
私 は いつも よそ が ある ふり を し ます 。,4.397841091149921
私 は ただ こんな の よう な 行為 を し ます 。,4.397467647978391
私 は 色々 と て 色々 と 苦しい 経験 を し ます 。,4.396395189542086
私 は 私 を 見 て 読書 を し ます 。,4.394445523951047
私 は ちょっと もっと 、 色々 な こと と で 何 を し ます 。,4.393553479447412
"私 は "" "" の の 、 で 、 議論 を し ます 。",4.389223803447134
私 は そんな よう な 変人 を し ます 。,4.3885473943392785
私 は 決して あなた の 肩 の 中 を 跳び 真似 を し ます 。,4.385637341506731
私 は 、 私 自身 の ケア を し ます 。,4.384593128827284
私 は 、 もう 少し の 時間 活動 を し ます 。,4.384108855544015
私 は あなた も の よう に 、 そこで 生活 を し ます 。,4.3800212287468625
私 は 色々 な 意見 表明 を し ます 。,4.378457098433317
私 は この 町 で 多く の 共同 事業 を し ます 。,4.378219380425355
私 は みんな 、 お で て て まあ な 働き を し ます 。,4.378136881854439
私 は 僕 の 人生 で 最も 多く の 仕事 を し ます 。,4.376771304880073
私 は 、 私 について 詳細 な 評決 を し ます 。,4.374975096192922
私 は おぞましい ふり を し ます 。,4.370135125766562
私 は この ゲーム を どう クリア する か を し ます 。,4.3689605148196184
私 は 私 に いろいろ な 助言 を し ます 。,4.366236341093668
私 は いつも 誰 か を 傷つける ふり を し ます 。,4.361361770036508
私 は 、 よく 、 自分 の 中 で いろいろ な 体験 を し ます 。,4.360197841090576
私 は 今 の 仕事 を し ます 。,4.359687459539965
私 は 「 人生 の 小 さ な 時 、 仕事 を し ます 。,4.3575143461656145
私 は 「...... 私 の 私 の 人生 の 手助け を し ます 。,4.356780379376034
私 は ちょっと だまし そう な 経験 を し ます 。,4.354174260244827
私 は それ より も とても 辛い 口調 を し ます 。,4.342853373473457
私 は ある もの の 経験 を し ます 。,4.33403432007134
私 は 、... 私 の こと を 信じよ と 努力 を し ます 。,4.328269906050171
私 は ( あなた の 味方 を し ます 。,4.3280503687631535
私 は 、 この 部分 について 、 私 自身 で 議論 を し ます 。,4.325140152886525
私 は 彼 の もと 仕事 を し ます 。,4.320128171878639
私 は 、 誰 の 名前 も なかっ たり 、 異なる 顔 を し ます 。,4.315966158488009
私 は 、 あなた と 一緒 に 旅 を し ます 。,4.30910054818025
私 は 毎日 1 日 6 時間 仕事 を し ます 。,4.306991216997285
私 は 何 か で 話 を し ます 。,4.299948021547337
私 は ずっと 他 の 人 と 一緒 に 生活 を し ます 。,4.296000428051228
私 は お 休み を し ます 。,4.295216714440779
私 は 、 私 を し ます 。,4.283880143195968
私 は すぐ に 、 彼女 と 関係 する こと を し ます 。,4.280813172869807
私 は みんな 、 ここ の 中 で たくさん の 事 を し ます 。,4.279220708579193
私 は 自分 を 思い 、 仕事 を し ます 。,4.277220627065932
私 は 彼 に 命令 無視 の 悪戯 を し ます 。,4.276473826681032
私 は また 様々 な 小さな 仕事 を し ます 。,4.273624477053714
私 は 、 彼 と 私 の 契約 を し ます 。,4.268829756410722
私 は これ しか ない こと を し ます 。,4.264934622648246
私 は そんな とき も 何 か を し ます 。,4.263628733164586
私 は いろいろ な 品々 の 絵 付け を し ます 。,4.257935109305067
私 は 君たち が 生まれ た 時 から 世話 を し ます 。,4.25020118538439
私 は いろいろ と 考え 、 みんな が いろいろ と 工夫 を し ます 。,4.250065723257759
私 は 君 と 仕事 を し ます 。,4.247056784641406
私 は 私 探し を し ます 。,4.24661220871209
私 は あなた の 心臓 の 研究 を し ます 。,4.246440425697953
私 は よく この 仕事 を し ます 。,4.236875017811526
私 は 私 を 助け ます 、 私 は あなた 自身 を し ます 。,4.229292586415812
私 は あなた に し あ ね なき こと を し ます 。,4.227644063532393
私 は 簡単 な 話 を し ます 。,4.225706146488521
私 は いつも 小さ な 顔 を し ます 。,4.222227510706651
私 は 、 この よう な 試み を し ます 。,4.221431176824474
私 は それ を 元 に 、 いろいろ な 話 を し ます 。,4.213094821972077
私 は こう 言う こと だ が 、 本当は 離婚 を し ます 。,4.211608921300254
私 は 、 時々 、 私 たち と 会話 を し ます 。,4.210730706996135
私 は 彼 の もの と は 違う 体験 を し ます 。,4.21046047264298
私 は 時々 この 街 で 仕事 を し ます 。,4.202143482956359
私 は あの よう な 言い回し を し ます 。,4.199662758016491
私 は ご 用 を 成さ ん という 署名 を し ます 。,4.1938057103582
私 は 僕 で 彼 を 攻撃 する 準備 を し ます 。,4.191075971962326
私 は いつも 彼女 の 顔 を 見張る こと を し ます 。,4.19044740075124
私 は ここ で 2 回 の 結婚 を し ます 。,4.189281783293491
私 は それ を し ます 。,4.1892610255279905
私 は 色々 な 方向 に 立ち 、 いろいろ な 仕事 を し ます 。,4.187144811551263
私 は 私 の 経験 を 元 に 話 を し ます 。,4.18394069084101
私 は こう な やり方 で 仕事 を し ます 。,4.182478620094334
私 は 時々 、 彼 と 仕事 を し ます 。,4.169845916518805
私 は を 取り除く 決断 を し ます 。,4.162141638035698
私 は 自身 の 「 お 手伝い 」 を し ます 。,4.157655622932039
私 は 、 もう もう 正常 な こと を し ます 。,4.1456513850725445
私 は ただ 、 彼 の お 手伝い を し ます 。,4.1396480386314325
私 は 何 で も 得 ない そ ぶり を し ます 。,4.1387909904239395
私 は 私 を 捕まえる 準備 を し ます 。,4.134759253829384
私 は 、 お話 を し ます 。,4.133330070917836
私 は いくつ か の 異なる 経験 を し ます 。,4.127498441459451
私 は 「 彼 は こんな こと を し ます 。,4.124014002373943
私 は の 、 すべて の こと を し ます 。,4.120761141942293
私 は みんな 、 おぞましい 生活 を し ます 。,4.12067953226952
私 は 自分 の 監督 業 を し ます 。,4.11532876402781
私 は 、 私 が 言っ た 通り を し ます 。,4.097690230627347
私 は あなた の せい で 嫌 だ こと を し ます 。,4.092768836993051
私 は 私 たち と 私 たち の よう な 活動 を し ます 。,4.0925866676871845
私 は そこ に 私 が 座っ て 仕事 を し ます 。,4.091922016095757
私 は こう の 対応 を し ます 。,4.091609372190088
私 は 」 に 書か れ た 「 勉強 を し ます 。,4.088681492746029
私 は もっと も 自分 を 優先 する 選択 を し ます 。,4.085199028027596
私 は 時々 同じ 相手 と 同じ よう な こと を し ます 。,4.083514964870799
私 は これから 仕事 を し ます 。,4.079180721680868
私 は よく ない こと を し ます 。,4.078247488073772
私 は 、 あなた と 旅 を し ます 。,4.074195928177467
私 は まして 返事 を し ます 。,4.067719160103832
私 は それ は この ゲーム で 終わっ て おり 、 私 を し ます 。,4.064973125744955
私 は この 日 の よう な 体験 を し ます 。,4.064898309548543
私 は 私 の マネ を し ます 。,4.063973303131391
私 は 2 人 と 話 を し ます 。,4.0603986397477145
私 は これ を 利用 する 努力 を し ます 。,4.050897128134287
私 は この 発言 を し ます 。,4.0494608941186945
私 は いつも ひっ つき たい と 思い 、 私 たち を し ます 。,4.047151610456222
"私 は いつも "" で "" で )"" と 言う 言い方 を し ます 。",4.045558015848409
私 は 恐らく 、 あなた や あなた の 様 な 仕事 を し ます 。,4.040219249300777
私 は 他 の 誰 も が その 準備 を し ます 。,4.038471643722781
私 は また 、 仕事 を し ます 。,4.036448751124671
私 は 有名 な こと を し ます 。,4.032573112440013
私 は いつも 、 私 の 目 に は よく 見える こと を し ます 。,4.031177108981721
私 は 人生 の 全 期間 ( この間 ) を し ます 。,4.0243816561653425
私 は あなた の 私信 を し ます 。,4.023258355977822
私 は 、 とても とても 、 よく 、 いろいろ 色々 な こと を し ます 。,4.022009158734017
私 は 、 私 だけ を し ます 。,4.021453637970136
私 は 彼女 の ため に お願い を し ます 。,4.020769418352074
私 は これ に 返事 を し ます 。,4.017199348626262
私 は また 私 の 作品 の 多く に 、 こう 仕事 を し ます 。,4.0169254672155015
私 は あなた を 救お う 決心 を し ます 。,4.013922475206505
私 は 1 年間 の 仕事 を し ます 。,4.006751030716524
私 は に 乗っ て 旅 を し ます 。,4.000357443462392
私 は あなた の 前 で 、 ひと き あ な 恋 を し ます 。,3.999000721959266
私 は いつも 女性 の ため に 仕事 を し ます 。,3.9963713972195967
私 は 、 この 場所 の 人々 の ため に この 仕事 を し ます 。,3.992961279646437
私 は ある こと を し ます 。,3.9925519986068005
私 は あなた の 彼女 を よく 使い ます 仕事 を し ます 。,3.989397825878418
私 は わたし の ご を ねぎらい を し ます 。,3.9840114495746706
"私 は "" 私 は 多く の こと を し ます 。",3.983618754620836
私 は この 部分 で こう いっ た 思い込み を し ます 。,3.974193748023027
私 は あなた に 何 も いわ ず に 仕事 を し ます 。,3.969677771577745
私 は この 経験 を し ます 。,3.968138599001545
私 は 、 いつも 、 その 部分 で 様々 な こと を し ます 。,3.9632092574802886
私 は まるで 、 自分 を 見 つ という こと を し ます 。,3.9599189938201906
私 は この 主張 を し ます 。,3.9564799762076435
私 は それ に 反論 する ふり を し ます 。,3.9523938697150336
私 は この 話 を し ます 。,3.9491272515320945
私 は それ の 手伝い を し ます 。,3.948708108971981
私 は 彼女 の 心 を ず 頑迷 な 思い を し ます 。,3.9415259578372956
私 は 、 いつも 同じ こと を し ます 。,3.9338599538229797
私 は ホームシック を し ます 。,3.933304051952271
私 は 何 か の 賭け を し ます 。,3.9326508239017706
私 は 私事 を し ます 。,3.9146702856519813
私 は それ を 知ら ない ので 、 僕 と 話 を し ます 。,3.914614402764936
私 は 、 私 の 手 を 離さ ず 、 仕事 を し ます 。,3.9038925001940443
私 は あの 女 に 「 』 と 恋 を し ます 。,3.8987919437208785
私 は おそらく 、 こう いっ た ふう な 使い方 を し ます 。,3.896476458688282
私 は もう 一 年 を し ます 。,3.8959272520509027
私 は ( または ) の ふり を し ます 。,3.8937767488974147
私 は ただ で ある と 思う ふり を し ます 。,3.889467539879843
私 は あの 男 と 同じ こと を し ます 。,3.8890885895196994
私 は 皆さん の 体 に し て 仕事 を し ます 。,3.88531757151157
私 は 私 の 心 に 満ち た 思い を し ます 。,3.885225290115183
私 は 主 の 前 で 話 を し ます 。,3.8797330962431436
私 は... 私 と 共に 仕事 を し ます 。,3.8763492000732613
私 は 時々 、 一緒 に いろいろ な 仕事 を し ます 。,3.8710120707955404
私 は 彼 を 信用 しよ う と 努力 を し ます 。,3.8672668308684863
私 は これ で 次 の 意味 を し ます 。,3.865597913011702
私 は この 選択 を し ます 。,3.8646914595044133
私 は 今日 、 そんな こと を し ます 。,3.86314382738413
私 は この よう な 共同 体 を し ます 。,3.8411185783584214
私 は そこで 仕事 を し ます 。,3.834271278520281
私 は あなた の 父 と 一緒 に 食事 を し ます 。,3.818242628866121
私 は 最初 に あなた の 側 で 仕事 を し ます 。,3.8157529859232406
私 は... それ を 「 私 自身 」 という 言い方 を し ます 。,3.8101326130418633
私 は その 者 の 仕事 を し ます 。,3.808885979244675
私 は 何 度 も 私 を 相手 に 大便 を し ます 。,3.806381988810101
"私 は ""......"" の 言葉 を 引用 を し ます 。",3.7975547353466745
私 は 、 彼 と は 何 で も 知ら ない ふり を し ます 。,3.7961094980186036
私 は ここ で あなた の 子供 たち の ため に を し ます 。,3.792337030770808
私 は 以下 の 経験 を し ます 。,3.784134796160328
私 は 小さな 仕事 を し ます 。,3.781930217412209
私 は この 説明 を し ます 。,3.773113011888076
私 は ご 気 が つく と 、 じっと お 手伝い を し ます 。,3.7693763022653908
私 は 私 の を し ます 。,3.755685308120178
私 は 「 あなた と 旅 を し ます 。,3.752255904397427
私 は あなた の 手 で の 者 の 生活 を し ます 。,3.748354983514781
私 は 、 これから この 仕事 を し ます 。,3.746555973340957
私 は たくさん いろいろ な ところ で こう いっ た こと を し ます 。,3.7450448366871187
私 は 彼 の 名前 を 付け 、 彼 の 仕事 を し ます 。,3.742169429851009
私 は 、 あなた の 中 で ある 一 通り を し ます 。,3.7416585568699676
私 は この よう に お願い を し ます 。,3.735512467428481
私 は 、 私 の 身 の 都合 から 、 お願い を し ます 。,3.734224222781239
私 は みんな あの 人 の よう な 思い を し ます 。,3.7250835742760446
私 は 今日 、 あなた の お 手伝い を し ます 。,3.7239409795989413
私 は の 中 に いる という 言い方 を し ます 。,3.7225827874547703
私 は 、... そして 、 彼ら の いる 部屋 で 何 を し ます 。,3.710300675127648
私 は 、 ご 目 に は 、 、 その お返し を し ます 。,3.7096179925796386
私 は いつも 、 以下 の こと を し ます 。,3.6732135707765354
私 は 次 の 提案 を し ます 。,3.663401090596076
私 は 自分 の 人生 最後 の 仕事 を し ます 。,3.6624653019914692
私 は 、 彼女 の こと について 心配 を し ます 。,3.658547319924785
私 は 今日 の 私 の 仕事 の 説明 を し ます 。,3.655153738582995
私 は これから も 仕事 を し ます 。,3.649684526487179
私 は 自分 の 死 に 気付い て 、 私 探し を し ます 。,3.6448761706972794
私 は 人生 の 仕事 を し ます 。,3.644761696542848
私 は これ な こと を し ます 。,3.628051784912586
私 は 「 私 は 私 たち の こと を 知り 話 を し ます 。,3.6135931766977696
私 は 私 が 思う よう な こと を し ます 。,3.611915292865876
私 は この 中 で 一つ の こと を し ます 。,3.609854977694597
私 は 私 の 友達 の 声 真似 を し ます 。,3.602290705288053
私 は これ を 信じ ます な こと を し ます 。,3.596557444613263
私 は 私 を 恐れ て 、 ひどい こと を し ます 。,3.5948412310545548
私 は あなた の 言う よう に な 暮らし を し ます 。,3.5861740513047713
私 は とても の ない 生 と 生き た 経験 を し ます 。,3.5769762558941065
私 は あなた の まわり を ぐるぐる 通る 仕事 を し ます 。,3.5749977909005426
私 は この 話 について に なっ た ふり を し ます 。,3.5728343448983493
私 は あなた の ため に を し ます 。,3.569354111529197
私 は あなた の 身体 が 私 を 誘惑 する こと を し ます 。,3.5599187587827688
私 は よく こう いっ た こと を し ます 。,3.554852044362809
私 は 私 です を し ます 。,3.554596502731214
私 は この 法律 の 作り方 を し ます 。,3.5512164614889796
私 は とても のどか な 思い を し ます 。,3.5505300484648807
私 は 何 か を し ます 。,3.545924645727016
私 は たくさん の 小さ な 仕事 を し ます 。,3.532617159433571
私 は 何 度 も こう いう こと を し ます 。,3.5245325306247777
私 は... あなた の 仕事 を し ます 。,3.5225903201709676
私 は あなた の 足 を 掴ん で 、 邪魔 を し ます 。,3.5101175538941294
私 は 、... という 言い方 を し ます 。,3.4975286487276582
私 は 、 次 の 選択 を し ます 。,3.4971696123908957
私 は 主 な 要素 の 説明 を し ます 。,3.4918245211827474
私 は 「 彼 の 手 の 中 で 私 は 恋 を し ます 。,3.491745143785592
私 は あなた の ため に 恋 を し ます 。,3.4912823548506458
私 は こんな 私 の せい で いろいろ な こと を し ます 。,3.475599047982673
私 は もう 自分 の 仕事 を し ます 。,3.456970463123076
私 は 非常 に この よう な 見方 を し ます 。,3.446954898948996
私 は いろいろ な 企業 と の 仕事 を し ます 。,3.440542858924268
私 は そこ で 私 の 仕事 を し ます 。,3.4318132856190724
私 は 、 何 を し ます 。,3.4270087905978435
私 は 私 に いろいろ な 配慮 を し ます 。,3.4248298517964595
私 は 私 の 妻 に 「 あなた の 世話 」 を し ます 。,3.4183729070792617
私 は これ に 反対 する 決心 を し ます 。,3.4170593386840467
私 は これ まで も な 仕事 を し ます 。,3.4154915050868064
私 は あなた の 声 の 声 の 番組 の 仕事 を し ます 。,3.394534028306328
私 は 私 を も も 、 皆様 に お願い を し ます 。,3.392189561076375
私 は と は 異なる こと を し ます 。,3.388417244121232
私 は 、 仕事 を し ます 。,3.388341335286773
私 は 皆さん と 一緒 に 仕事 を し ます 。,3.3874177145361077
私 は 、 私 の 言葉 を 、 これ まで 通り なに を し ます 。,3.3857160325894435
私 は これ を 見 て 、 心から 哀惜 を し ます 。,3.385278407488733
私 は そこ で 色々 な こと を し ます 。,3.384287993081105
私 は 私 の 、 同じ 人 と 同じ よう な 経験 を し ます 。,3.383992193565682
私 は 、 いつも から だ 、 という よう な こと を し ます 。,3.3837906838039364
私 は 様々 な 経験 を し ます 。,3.372426704112492
私 は 私 の 手伝い を し ます 。,3.3709047038168993
私 は 、 私 の 身 に 辛辣 な 見方 を し ます 。,3.3631142271611325
私 は すべて の 仕事 を し ます 。,3.360513713487548
私 は その後 、 次 の こと を し ます 。,3.349079693316148
私 は ここ で 仕事 を し ます 。,3.3470666363191133
私 は 私 の もと で は 仕事 を し ます 。,3.3453526134319223
私 は ただ 一 人 私 の 世話 を し ます 。,3.3442953875063974
私 は あなた の お 相手 を し ます 。,3.3198957316527116
私 は さまざま な 仕事 を し ます 。,3.319489666753119
私 は 「 お 気持ち じゃ ない こと を やり ます こと を し ます 。,3.313957886570019
私 は 、 彼女 の 「 主 です 」 です こと を し ます 。,3.3034907787819345
私 は 何 か 仕事 を し ます 。,3.3025420980347624
私 は 次に の よう な こと だけ を し ます 。,3.298172416166233
私 は そう し て 色々 な こと を し ます 。,3.2961902655377955
私 は これ を 知ら ず 、 心配 を し ます 。,3.2856198030182964
私 は 、 私 の 、 です まし た た こと を し ます 。,3.283567014454135
私 は あなた の 、 より まし た こと を し ます 。,3.274116402932898
私 は 私 と いい 違い の こと を し ます 。,3.272194228805903
私 は 次 の 事 を し ます 。,3.2685311954513336
私 は 色々 な 仕事 を し ます 。,3.2651485565080187
私 は 他 の もの に つけ て 様々 な こと を し ます 。,3.251666030509976
私 は 、 私 の 味方 を し ます 。,3.24545514313969
私 は 彼女 に こう の お願い を し ます 。,3.245243155427064
私 は ここ で は 私 の こと を を し ます 。,3.2358504930280048
私 は 何等 か と 同じ こと を し ます 。,3.2142349026291392
私 は 、 そして 、 この こと を し ます 。,3.2134683218005824
私 は 我々 に も 似 て いる こと を し ます 。,3.1857966950584258
私 は 、 より まし た こと を し ます 。,3.1761900314456155
私 は 何 年 も 続い た こと を し ます 。,3.1760825882474126
私 は 彼 に 似 た こと を し ます 。,3.1746322318699987
私 は 、 「 私 の 仕事 」 を し ます 。,3.1725877151642714
私 は とても お 気味 じい こと を し ます 。,3.1598055734677297
私 は 簡単 な こと を し ます 。,3.1198087685332623
私 は 、 これ 以上 ない こと を し ます 。,3.1169362684850626
私 は ある よう な こと を し ます 。,3.105252723422818
私 は いろいろ な 事 を し ます 。,3.0974925799796402
私 は これから 次 の こと を し ます 。,3.0879109554163264
私 は その よう に を し ます 。,3.085939605747649
私 は 我々 の 名前 と 同じ よう な こと を し ます 。,3.078886963829687
私 は 何 を し ます 。,3.074621876763826
私 は こんな こと を し ます 。,3.069624340905267
私 は この 場所 で 次 の こと を し ます 。,3.0646669904596315
私 は たくさん の こと を し ます 。,3.0617207290900494
私 は 彼 を 攻撃 し まし た ふり を し ます 。,3.044929878565839
私 は 同じ こと を し ます 。,3.032189084687793
私 は 私 の 関係 に関する いろいろ な こと を し ます 。,3.019231773222083
私 は いろいろ と 注意 を 払い ます が 、 気 を し ます 。,3.017215093438497
私 は 私 の 家族 の 仕事 を し ます 。,2.983010984691495
私 は 仕事 を し ます 。,2.970306577209233
私 は 、 とても とても この よう な こと を し ます 。,2.945986288947807
私 は 、 そう いう こと を し ます 。,2.940604931344693
私 は 彼 の ため に 何 を し ます 。,2.93678831664419
私 は 私 を 、 私 は 彼ら と を し ます 。,2.9205065891093476
私 は 私 の 私 性 に 基づい た こと を し ます 。,2.9116165854373897
私 は 同様 の こと を し ます 。,2.9040375078454206
私 は それ を 完全 に 取り 払お う を し ます 。,2.900981637405079
私 は 皆さん の ため に お 休み を し ます 。,2.900217410702137
私 は 私 に も 似 て いる よう な こと を し ます 。,2.8877876605200745
私 は 、 私 の こと を 「 」 と 言い方 を し ます 。,2.8864725862237233
私 は そう いう こと を し ます 。,2.8745255414585364
私 は 『 』 という こと を し ます 。,2.866428747366978
私 は あなた の こと を し ます 。,2.8461215119839114
私 は いくつ も の こと を し ます 。,2.8386645584811347
私 は 、 この 仕事 を し ます 。,2.8191692389739638
私 は 私 の 世話 を し ます 。,2.8075557481738964
私 は 彼 が こう し て いる こと を し ます 。,2.774460039381623
私 は 何 も 知ら ない でし た ので 心配 を し ます 。,2.7704031881736935
私 は あなた の 世話 を し ます 。,2.760379033497202
私 は 、 こう いう こと を し ます 。,2.754161420646709
私 は 多く の こと を し ます 。,2.722081600078245
私 は 、 この こと を し ます 。,2.7168285333508737
私 は こう の よう に 私 の 仕事 を し ます 。,2.710342412557094
私 は 私 と 同じ こと を し ます 。,2.7067417574940533
私 は いくつ か の こと を し ます 。,2.6984346406560786
私 は この こと を し ます 。,2.6796086724798993
私 は この 仕事 を し ます 。,2.6626826113500006
私 は こういう こと を し ます 。,2.662027807906132
私 は 、 次に 、 次 の こと を し ます 。,2.6277571584133304
私 は 様々 な こと を し ます 。,2.608953674840949
私 は そんな こと を し ます 。,2.5930429871329443
私 は 、 あなた の 私 、 私 の あなた を し ます 。,2.5849499683403656
私 は 「 よく 、 よく 、 よく 、 よく 、 仕事 を し ます 。,2.507622173197221
私 は 、 私 と 、 私 と 仕事 を し ます 。,2.455785876445874
私 は 、 次 の こと を し ます 。,2.4154182690566444
私 は 色々 な こと を し ます 。,2.4116306728940957
私 は 私 の 仕事 を し ます 。,2.3930396279142965
私 は 次 の よう な こと を し ます 。,2.3339378399907584
私 は 次 の こと を し ます 。,2.1621548320519643
私 は 以下 の こと を し ます 。,2.071040706929698
私 は 、 この よう な こと を し ます 。,2.000689694098599
私 は この よう な こと を し ます 。,1.9476717290698549
私 は 次 の よう に を し ます 。,1.848736809433563
